Workbook

Sheet Sheet1
A1: STUDENT ID | B1: NAME | C1: DEPT | D1: MATHS | E1: ENGLISH | F1: PHY | G1: BIO | H1: CHE | I1: AGRIC | J1: GEO | K1: TOTAL
A2: IKT34 | B2: Adeola Musa | C2: Computer Science | D2: 78 | E2: 65 | F2: 44 | G2: 74 | H2: 69 | I2: 55 | J2: 60 | K2: =SUM(Table1[[#This Row],[MATHS]:[GEO]]) -> 445
A3: IKT02 | B3: Tunde Balogun | C3: Accounting | D3: 55 | E3: 60 | F3: 48 | G3: 52 | H3: 72 | I3: 67 | J3: 58 | K3: =SUM(Table1[[#This Row],[MATHS]:[GEO]]) -> 412
A4: IKT89 | B4: Chioma Okeke | C4: Biology | D4: 85 | E4: 79 | F4: 74 | G4: 88 | H4: 81 | I4: 70 | J4: 72 | K4: =SUM(Table1[[#This Row],[MATHS]:[GEO]]) -> 549
A5: IKT11 | B5: Ibrahim Bello | C5: Engineering | D5: 90 | E5: 76 | F5: 88 | G5: 55 | H5: 84 | I5: 73 | J5: 75 | K5: =SUM(Table1[[#This Row],[MATHS]:[GEO]]) -> 541
A6: IKT53 | B6: Ngozi Eze | C6: Economics | D6: 62 | E6: 70 | F6: 58 | G6: 60 | H6: 64 | I6: 66 | J6: 59 | K6: =SUM(Table1[[#This Row],[MATHS]:[GEO]]) -> 439
A7: IKT27 | B7: Samuel Adeyemi | C7: Geography | D7: 71 | E7: 68 | F7: 72 | G7: 65 | H7: 60 | I7: 75 | J7: 44 | K7: =SUM(Table1[[#This Row],[MATHS]:[GEO]]) -> 455
A8: IKT75 | B8: Ruth Akinwale | C8: Microbiology | D8: 44 | E8: 74 | F8: 78 | G8: 82 | H8: 77 | I8: 69 | J8: 70 | K8: =SUM(Table1[[#This Row],[MATHS]:[GEO]]) -> 494
A9: IKT20 | B9: Emeka Obi | C9: Physics | D9: 44 | E9: 66 | F9: 91 | G9: 73 | H9: 85 | I9: 60 | J9: 64 | K9: =SUM(Table1[[#This Row],[MATHS]:[GEO]]) -> 483
A10: IKT61 | B10: Zainab Sadiq | C10: Chemistry | D10: 73 | E10: 70 | F10: 75 | G10: 68 | H10: 80 | I10: 65 | J10: 69 | K10: =SUM(Table1[[#This Row],[MATHS]:[GEO]]) -> 500
A11: IKT08 | B11: David Ojo | C11: Engineering | D11: 44 | E11: 77 | F11: 55 | G11: 79 | H11: 81 | I11: 72 | J11: 74 | K11: =SUM(Table1[[#This Row],[MATHS]:[GEO]]) -> 482
A12: IKT44 | B12: Grace Nwosu | C12: Biology | D12: 56 | E12: 72 | F12: 65 | G12: 70 | H12: 68 | I12: 64 | J12: 66 | K12: =SUM(Table1[[#This Row],[MATHS]:[GEO]]) -> 461
A13: IKT92 | B13: Kingsley Uche | C13: Computer Science | D13: 75 | E13: 71 | F13: 66 | G13: 74 | H13: 72 | I13: 69 | J13: 70 | K13: =SUM(Table1[[#This Row],[MATHS]:[GEO]]) -> 497
... A31: IKT01 | B31: Fatima Lawal | C31: Economics | D31: 72 | E31: 75 | F31: 70 | G31: 68 | H31: 73 | I31: 77 | J31: 69 | K31: =SUM(Table1[[#This Row],[MATHS]:[GEO]]) -> 504

Sheet Sheet2
A1: DC - Alpha High School
A3: Student Report Sheet
A5: Student ID | B5: IKT68
A6: Student Name | B6: =VLOOKUP(B5, Sheet1!A:B, 2, FALSE) -> Usman Garba
A7: Department | B7: =VLOOKUP(B5, Sheet1!A:C, 3, FALSE) -> Agriculture
A9: Subject | B9: Scores | C9: Grade | D9: Comment | E9: Pass/Fail Status
A10: Maths | B10: =VLOOKUP(B5,Sheet1!A:D,4,FALSE) -> 44 | C10: =VLOOKUP(B10,Sheet3!A:B,2,TRUE) -> F | D10: =VLOOKUP(B10, Sheet3!D:E,2,TRUE) -> Fail | E10: =IF(B20>50,"PASS","FAIL") -> PASS
A11: English | B11: =VLOOKUP(B5,Sheet1!A:E,5,FALSE) -> 66 | C11: =VLOOKUP(B11,Sheet3!A:B,2,TRUE) -> C | D11: =VLOOKUP(B11, Sheet3!D:E,2,TRUE) -> Good
A12: Physics | B12: =VLOOKUP(B5,Sheet1!A:F,6,FALSE) -> 70 | C12: =VLOOKUP(B12,Sheet3!A:B,2,TRUE) -> B | D12: =VLOOKUP(B12, Sheet3!D:E,2,TRUE) -> Very Good
A13: Biology | B13: =VLOOKUP(B5,Sheet1!A:G,7,FALSE) -> 72 | C13: =VLOOKUP(B13,Sheet3!A:B,2,TRUE) -> B | D13: =VLOOKUP(B13, Sheet3!D:E,2,TRUE) -> Very Good
A14: Chemistry | B14: =VLOOKUP(B5,Sheet1!A:H,8,FALSE) -> 44 | C14: =VLOOKUP(B14,Sheet3!A:B,2,TRUE) -> F | D14: =VLOOKUP(B14, Sheet3!D:E,2,TRUE) -> Fail
A15: Agric | B15: =VLOOKUP(B5,Sheet1!A:I,9,FALSE) -> 55 | C15: =VLOOKUP(B15,Sheet3!A:B,2,TRUE) -> D | D15: =VLOOKUP(B15, Sheet3!D:E,2,TRUE) -> Good
A16: Geography | B16: =VLOOKUP(B5,Sheet1!A:J,10,FALSE) -> 74 | C16: =VLOOKUP(B16,Sheet3!A:B,2,TRUE) -> B | D16: =VLOOKUP(B16, Sheet3!D:E,2,TRUE) -> Very Good
A18: Performance Summary | D18: Teacher's Signature
A19: Total Score | B19: =SUM(B10:B16) -> 425
A20: Average Score | B20: =AVERAGE(B10:B16) -> 60.714286
A21: Highest Score | B21: =MAX(B10:B16) -> 74
A22: Lowest Score | B22: =MIN(B10:B16) -> 44
A23: Overall Grade | B23: =VLOOKUP(B20,Sheet3!A4:B8,2,TRUE) -> C
A24: Position in class | B24: =RANK(B19,Sheet1!$K$2:$K$31,0)&IF(RANK(B19,Sheet1!$K$2:$K$31,0)=1,"st",IF(RANK(B19,Sheet1!$K$2:$K$31,0)=2,"nd",IF(RANK(B19,Sheet1!$K$2:$K$31,0)=3,"rd","th"))) -> 28th

Sheet Sheet3
A3: Minimum Scores | B3: Grades | D3: Scores | E3: Comment
A4: 0 | B4: F | D4: 0 | E4: Fail
A5: 50 | B5: D | D5: 50 | E5: Good
A6: 60 | B6: C | D6: 60 | E6: Good
A7: 70 | B7: B | D7: 70 | E7: Very Good
A8: 80 | B8: A | D8: 80 | E8: Excellent
